Key1,Proyecto,Species,Average of DAP_INDIV,Average of AB_INDIV,Average of H_TOTAL,Average of H_FUSTE,Count of ID_INDV_MU,Average of BIOM_INDIV,Average of CARB_INDIV
1,EIA PPII - KALE sobre YNC,Abarema jupunba (Willd.) Britton & Killip,0.200624978,0.036560278,18.33333333,7,3,19.71682421,9.858412107
2,EIA PPII - KALE sobre YNC,Albizia niopoides (Benth.) Burkart,0.2342182,0.046419188,22.72727273,10.72727273,11,25.10418701,12.55209351
3,EIA PPII - KALE sobre YNC,Alchornea cf. triplinervia (Spreng.) Müll. Arg.,0.175964122,0.028722526,15.8,4.65,10,12.1665648,6.083282399
4,EIA PPII - KALE sobre YNC,Alchornea triplinervia (Spreng.) Mull. Arg.,0.19430166,0.033580174,12.75,6,12,9.8422604,4.9211302
5,EIA PPII - KALE sobre YNC,Amaioua corymbosa Kunt.,0.183128515,0.031348684,8.647058824,2.741176458,17,10.25862963,5.129314815
6,EIA PPII - KALE sobre YNC,Anacardium excelsum (Bertero ex Kunt.h) Skeels,0.289900728,0.066558696,20.75,7.375,4,18.62551665,9.312758327
7,EIA PPII - KALE sobre YNC,Andira chigorodensis R.T. Penn.,0.149048606,0.018184785,12.5,5.650000006,4,13.82222199,6.911110997
8,EIA PPII - KALE sobre YNC,Andira inermis (Wright) DC.,0.122557808,0.012392571,10.09090909,2.018181818,11,10.32455319,5.162276593
9,EIA PPII - KALE sobre YNC,Aniba paraensis (Meissner) Mel.,0.206981003,0.036402336,18,8,4,16.05924988,8.029624939
10,EIA PPII - KALE sobre YNC,Annona cf. reticulata Willd.,0.110195134,0.009635598,10.5,4,2,7.596940279,3.79847014
11,EIA PPII - KALE sobre YNC,Apeiba membranacea Benth.,0.130666208,0.013612561,10.5,5.399999976,2,6.231890917,3.115945458
12,EIA PPII - KALE sobre YNC,Apuleia leiocarpa (Vogel) J.F. Macbr.,0.303349316,0.072272979,25,10,1,35.36516953,17.68258476
13,EIA PPII - KALE sobre YNC,"Aspidosperma cf., darienense Woodson ex Dwyer",0.300802857,0.071064673,25,10,1,24.92964745,12.46482372
14,EIA PPII - KALE sobre YNC,Aspidosperma polyneuron Müll.Arg.,0.16769132,0.022085693,7,5,1,8.400290489,4.200145245
15,EIA PPII - KALE sobre YNC,Astronium graveolens Jacq.,0.254647918,0.058438884,16.33333333,7.333333333,3,22.86561521,11.4328076
16,EIA PPII - KALE sobre YNC,Attalea butyracea (Mutis ex L. f.) Wess. Boer,0.244621158,0.05076235,10,1E-05,2,5.581006527,2.790503263
17,EIA PPII - KALE sobre YNC,Bactris sp.,0.1527244,0.018319212,14,1E-05,1,9.703914642,4.851957321
18,EIA PPII - KALE sobre YNC,Bellucia pentamera Naudin.,0.148428102,0.019473726,9.308510638,3.863829784,47,7.405256205,3.702628103
19,EIA PPII - KALE sobre YNC,Brosimum guianense (Aubl.) Ducke,0.202922555,0.03595704,20,9.25,4,26.66192007,13.33096004
20,EIA PPII - KALE sobre YNC,"Buchenavia cf., tetraphylla (Aubl.) R.A.Howard",0.369876087,0.107449003,17,10,1,21.03513145,10.51756573
21,EIA PPII - KALE sobre YNC,Bursera simaruba (L.) Sarg.,0.207856357,0.03471249,16,11,2,8.522572041,4.26128602
22,EIA PPII - KALE sobre YNC,Byrsonima spicata (Cav.) DC.,0.191001091,0.032777161,12.80952381,7.119047619,21,12.47645446,6.238227231
23,EIA PPII - KALE sobre YNC,Byrsonima crassifolia (L.) Kunth.,0.138783112,0.015127359,6,3,1,4.88513279,2.442566395
24,EIA PPII - KALE sobre YNC,Calophyllum brasiliense Cambess.,0.226057893,0.048508445,16.22727273,7.613636364,22,15.53423298,7.767116492
25,EIA PPII - KALE sobre YNC,Casearia aculeata Jacq.,0.164270349,0.021412905,11.5,1.050000012,2,11.81376648,5.90688324
26,EIA PPII - KALE sobre YNC,Casearia corymbosa Kunth,0.155080575,0.023057573,10,3.1,5,8.350021839,4.17501092
27,EIA PPII - KALE sobre YNC,Casearia javitensis Kunth.,0.145281363,0.01703127,12.75,3.412500001,8,14.4944278,7.2472139
28,EIA PPII - KALE sobre YNC,Cecropia engleriana Snethl.,0.198432678,0.03910577,15.82786885,9.721311475,122,12.47720679,6.238603393
29,EIA PPII - KALE sobre YNC,Cecropia ficifolia Warb. ex Snethl.,0.306195167,0.089545043,18,6.03125,16,8.85261929,4.426309645
30,EIA PPII - KALE sobre YNC,Cecropia membranacea Trécul,0.111408457,0.00974824,10,9,1,4.796873093,2.398436546
31,EIA PPII - KALE sobre YNC,Cecropia peltata L.,0.157881702,0.023952152,11.3125,5.5625,16,4.898589179,2.449294589
32,EIA PPII - KALE sobre YNC,Cedrela odorata L.,0.257576361,0.057796066,21.8,8.8,5,16.55842009,8.279210043
33,EIA PPII - KALE sobre YNC,Ceiba pentandra (L.) Gaertn.,0.238095798,0.049820906,15,7,2,9.764783382,4.882391691
34,EIA PPII - KALE sobre YNC,Centrolobium paraense Tul.,0.151197195,0.018021724,15.66666667,6.666666667,3,16.44209925,8.221049627
35,EIA PPII - KALE sobre YNC,Chrysophyllum cainito L.,0.164593446,0.025382817,11.16071429,5.625,28,9.942815099,4.97140755
36,EIA PPII - KALE sobre YNC,Clathrotropis brunnea Amshoff,0.259468028,0.055100184,18.0952381,8.761904762,21,26.73094831,13.36547416
37,EIA PPII - KALE sobre YNC,Coccoloba acuminata Kunth.,0.166262695,0.02314592,11.73333333,4.479999995,15,10.38520266,5.192601331
38,EIA PPII - KALE sobre YNC,Coccoloba caracasana Meisn,0.144381504,0.01668419,10.57142857,3.428571429,7,6.66188676,3.33094338
39,EIA PPII - KALE sobre YNC,Cordia collococca L.,0.137830237,0.014993947,9,1.800000001,4,6.142268777,3.071134388
40,EIA PPII - KALE sobre YNC,Cordia panamensis L.Riley,0.34743535,0.105815884,17.33333333,6,3,20.84974162,10.42487081
41,EIA PPII - KALE sobre YNC,Cordia gerascanthus L.,0.362373066,0.128482068,16.28571429,8.285714286,7,24.69094808,12.34547404
42,EIA PPII - KALE sobre YNC,Couma macrocarpa Barb. Rodr.,0.202303617,0.03605229,16.66666667,5.277777778,9,14.04004526,7.020022631
43,EIA PPII - KALE sobre YNC,Couratari guianensis Aubl.,0.161988349,0.023977941,11.07692308,5.153846154,13,8.78996618,4.39498309
44,EIA PPII - KALE sobre YNC,Croton schiedeanus Schltdl.,0.290829132,0.086699257,16,3.166666667,3,11.49318727,5.746593634
45,EIA PPII - KALE sobre YNC,Crudia glaberrima (Steud) J.F.Macbr.,0.181224431,0.028436267,15.33333333,6.5,3,18.34879684,9.174398422
46,EIA PPII - KALE sobre YNC,Cupania americana L.,0.136420272,0.015616715,10.5,5.415384614,26,11.14623426,5.573117128
47,EIA PPII - KALE sobre YNC,Dendrobangia boliviana Rusby,0.136236632,0.014816211,12.75,7,4,11.83418441,5.917092204
48,EIA PPII - KALE sobre YNC,"Dendrobangia cf., boliviana Rusby",0.420169055,0.138655782,15,12,1,20.14557076,10.07278538
49,EIA PPII - KALE sobre YNC,Dendropanax caucanus (Harms) Harms,0.133690149,0.014037466,9,7,1,6.449591637,3.224795818
50,EIA PPII - KALE sobre YNC,Discophora guianensis Miers,0.222976074,0.043962774,20,8,2,19.37680674,9.688403368
51,EIA PPII - KALE sobre YNC,Elaeis guineensis Jacq.,0.460912704,0.169069737,13.5,1E-05,2,13.17006969,6.585034847
52,EIA PPII - KALE sobre YNC,Enterolobium cyclocarpum (Jacq.) Griseb.,0.160428181,0.02021395,10,3,1,6.749690533,3.374845266
53,EIA PPII - KALE sobre YNC,Enterolobium schomburgkii (Benth.) Benth.,0.189736802,0.031914549,17.58823529,6.547058826,17,20.42986006,10.21493003
54,EIA PPII - KALE sobre YNC,Erythrina fusca Lour.,0.291508195,0.074271389,14.4,4.54000001,5,8.85131073,4.425655365
55,EIA PPII - KALE sobre YNC,Eschweilera coriacea (DC.) S.A.Mori,0.239209878,0.062171948,16.75,6.875,8,25.29251254,12.64625627
56,EIA PPII - KALE sobre YNC,Eugenia victoriana Cuatrec.,0.174433812,0.023897434,18,4,1,20.90717125,10.45358562
57,EIA PPII - KALE sobre YNC,"Faramea cf., occidentalis (L.) A. Rich.",0.117774658,0.010894156,6,1.700000048,1,5.054674625,2.527337313
58,EIA PPII - KALE sobre YNC,Ficus americana Aubl.,0.265614256,0.069259154,12.66666667,4.25333333,15,9.106043402,4.553021701
59,EIA PPII - KALE sobre YNC,Ficus insipida Willd.,0.345826539,0.126557879,14.3125,4.5625,16,10.00628042,5.003140211
60,EIA PPII - KALE sobre YNC,Ficus matiziana Dugand.,0.175707057,0.024247574,18,7,1,10.80812836,5.404064178
61,EIA PPII - KALE sobre YNC,Ficus nymphaeifolia Mill.,0.193882553,0.031760729,16.7,8.05,10,11.15981088,5.579905438
62,EIA PPII - KALE sobre YNC,Ficus sp.,0.198147912,0.037142666,17.5,7,2,11.53352571,5.766762853
63,EIA PPII - KALE sobre YNC,Ficus turrialbana W.C.Burger,0.134645075,0.014238717,8,5,1,5.518758774,2.759379387
64,EIA PPII - KALE sobre YNC,Genipa americana L.,0.126369022,0.012604514,11.5,4.5,2,10.62430859,5.312154293
65,EIA PPII - KALE sobre YNC,Guatteria amplifolia Triana & Planch.,0.14769578,0.017132711,15,2,1,11.40791798,5.703958988
66,EIA PPII - KALE sobre YNC,Guatteria cargadero Triana & Planch.,0.158542811,0.023335928,12.38461538,6.230769231,13,9.716036136,4.858018068
67,EIA PPII - KALE sobre YNC,Guatteria cf. punctata (Aubl.) R.A. Howard,0.215574935,0.038627196,18,4.666666667,3,16.37195333,8.185976664
68,EIA PPII - KALE sobre YNC,Guatteria scytophylla Diels,0.380062014,0.113448508,30,12,1,35.59043884,17.79521942
69,EIA PPII - KALE sobre YNC,Guatteria sp.,0.109816909,0.009471709,12,4,1,8.264950752,4.132475376
70,EIA PPII - KALE sobre YNC,Guatteria stipitata R.E.Fr.,0.177086404,0.02770052,16.16666667,5.833333333,6,15.008653,7.504326502
71,EIA PPII - KALE sobre YNC,Guazuma ulmifolia Lam.,0.172752485,0.02726209,8.80952381,2.800000001,21,7.090269202,3.545134601
72,EIA PPII - KALE sobre YNC,Handroanthus chrysanthus (Jacq.) S.O.Grose,0.296531335,0.09879097,12.66666667,2.333333333,3,21.47776826,10.73888413
73,EIA PPII - KALE sobre YNC,Handroanthus guayacan (Seem.) S.O.Grose,0.192895785,0.029223712,8,7,1,10.73146534,5.36573267
74,EIA PPII - KALE sobre YNC,Hieronyma alchorneoides Allemão,0.211145557,0.040499574,18.66666667,6.666666667,3,17.95968151,8.979840755
75,EIA PPII - KALE sobre YNC,Himatanthus sucuuba (Müll.Arg.) Woodson,0.195500299,0.031277926,9.5,8,2,8.148996353,4.074498177
76,EIA PPII - KALE sobre YNC,Hirtella racemosa Lam.,0.117774658,0.010894156,10,8,1,10.79639244,5.39819622
77,EIA PPII - KALE sobre YNC,Homalolepis cedron (Planch.) Devecchi & Pirani,0.1610648,0.022594033,15,7.5,2,11.33546686,5.667733431
78,EIA PPII - KALE sobre YNC,Humiriastrum colombianum (Cuatrec.) Cuatrec.,0.170932412,0.022947676,12,8,1,12.99195576,6.495977879
79,EIA PPII - KALE sobre YNC,Hura crepitans L.,0.526802868,0.253155831,16,6.5,2,13.03230476,6.516152382
80,EIA PPII - KALE sobre YNC,Hymenaea courbaril L.,0.23275052,0.044218853,19.25,8,4,25.7222681,12.86113405
81,EIA PPII - KALE sobre YNC,Hymenaea oblongifolia Huber.,0.325710595,0.093829736,22.75,8.75,4,31.6938591,15.84692955
82,EIA PPII - KALE sobre YNC,Ilex guayusa Loes.,0.26496312,0.055139229,10,8,1,8.875658035,4.437829018
83,EIA PPII - KALE sobre YNC,Inga acreana Harms,0.173478886,0.026980742,11,6.5,2,9.424649477,4.712324739
84,EIA PPII - KALE sobre YNC,Inga alba (Sw.) Willd.,0.144300483,0.016833288,9.333333333,7.666666667,3,8.056145986,4.028072993
85,EIA PPII - KALE sobre YNC,"Inga cf., alba (Sw.) Willd.",0.195918851,0.037171507,12.83,4.175999999,100,12.34937929,6.174689643
86,EIA PPII - KALE sobre YNC,Inga heterophylla Willd.,0.252182972,0.056461649,12.66666667,2.783333334,6,12.83529862,6.417649309
87,EIA PPII - KALE sobre YNC,Inga japurensis TD Penn.,0.155392226,0.021107157,12.64285714,3.435714286,14,11.28766547,5.643832735
88,EIA PPII - KALE sobre YNC,Inga laurina (Sw.) Willd.,0.143239453,0.016114438,16,1,1,16.7148571,8.357428551
89,EIA PPII - KALE sobre YNC,Inga sp.,0.176184524,0.027872209,12,5.5,2,11.50594521,5.752972603
90,EIA PPII - KALE sobre YNC,Inga spectabilis (Vahl) Willd.,0.175514186,0.027043767,13.83333333,5.333333333,6,11.95719417,5.978597085
91,EIA PPII - KALE sobre YNC,Inga vera Willd,0.147536632,0.018289967,9.5,3,2,8.27062726,4.13531363
92,EIA PPII - KALE sobre YNC,Inga cylindrica (Vell.) Mart.,0.10408733,0.00850914,8,5.5,1,4.972388268,2.486194134
93,EIA PPII - KALE sobre YNC,Inga semialata (Vell.) C.Mart.,0.213850968,0.043339877,14.95454545,2.986363639,66,14.92820664,7.464103319
94,EIA PPII - KALE sobre YNC,Iryanthera ulei Warb.,0.128324355,0.013515802,8.142857143,4.285714286,7,7.620779582,3.810389791
95,EIA PPII - KALE sobre YNC,Jacaranda caucana Pittier,0.172664911,0.028147737,12.39285714,7.857142857,28,6.815511227,3.407755613
96,EIA PPII - KALE sobre YNC,Jacaranda copaia (Aubl.) D.Don,0.267711822,0.058311387,13.875,12,8,9.256184638,4.628092319
97,EIA PPII - KALE sobre YNC,Jatropha urens L.,0.102495782,0.008250911,6,3,1,1.312103152,0.656051576
98,EIA PPII - KALE sobre YNC,Lacmellea edulis H. Karst.,0.16574583,0.023883006,13,6.441176471,17,9.506842277,4.753421138
99,EIA PPII - KALE sobre YNC,Ladenbergia oblongifolia (Humb. ex Mutis) L.Ander*,0.242233828,0.046084985,20,7,1,17.97019958,8.985099792
100,EIA PPII - KALE sobre YNC,Lecythis mesophylla S.A. Mori,0.206901427,0.034961964,20.75,4.75,4,20.99387789,10.49693894
101,EIA PPII - KALE sobre YNC,Lecythis tuyrana Pittier,0.273320526,0.058672469,14,10,1,15.61559582,7.807797909
102,EIA PPII - KALE sobre YNC,Lecythis minor Jacq.,0.187372258,0.03263861,13.5625,8.59375,16,17.14682657,8.573413283
103,EIA PPII - KALE sobre YNC,Leonia triandra Cuatrec. ex L.B. Sm. & A. Fernánde,0.109453128,0.009492467,11.28571429,5.071428571,7,9.735281604,4.867640802
104,EIA PPII - KALE sobre YNC,"Licania cf., hypoleuca Benth.",0.126414073,0.012928806,12.16666667,3.133333335,6,15.37845389,7.689226945
105,EIA PPII - KALE sobre YNC,Licania hypoleuca Benth.,0.404661685,0.135261469,14.25,1.825000018,4,25.85471535,12.92735767
106,EIA PPII - KALE sobre YNC,Luehea seemannii Triana & Planch,0.504064015,0.272947688,14.9,4.060000002,10,12.95728397,6.478641987
107,EIA PPII - KALE sobre YNC,Mabea montana Müll.Arg.,0.160292202,0.021679385,12.2,4.6,10,11.34495282,5.672476411
108,EIA PPII - KALE sobre YNC,Mabea trianae Pax.,0.172046492,0.025513213,15,6.5,4,14.28430963,7.142154813
109,EIA PPII - KALE sobre YNC,Machaerium capote Triana ex Dugand,0.193744617,0.046264034,13.33333333,4.566666643,6,15.19696156,7.598480781
110,EIA PPII - KALE sobre YNC,Maclura tinctoria (L.) D.Don ex Steud,0.284655739,0.075047718,11.88888889,2.955555545,9,15.88997661,7.944988304
111,EIA PPII - KALE sobre YNC,Manilkara bidentata (A.DC.) A.Chev.,0.200429127,0.04109171,14.33333333,7.333333333,3,20.68035158,10.34017579
112,EIA PPII - KALE sobre YNC,Matayba adenanthera Radlk,0.14641668,0.017854315,12.83333333,3.288888889,18,14.76840713,7.384203566
113,EIA PPII - KALE sobre YNC,Matayba guianensis Aubl.,0.185633387,0.029552247,11.33333333,6.833333333,6,14.81258901,7.406294505
114,EIA PPII - KALE sobre YNC,Matayba scrobiculata Radlk.,0.177238901,0.029437914,15.77777778,6.537037037,27,20.6511894,10.3255947
115,EIA PPII - KALE sobre YNC,Melicoccus bijugatus Jacq.,0.150242269,0.017728588,18,9,1,23.45494843,11.72747421
116,EIA PPII - KALE sobre YNC,Miconia impetiolaris (Sw.) DC.,0.230774671,0.04182791,15,6,1,15.69304943,7.846524715
117,EIA PPII - KALE sobre YNC,Miconia micropetala Cogn.,0.201218061,0.035313976,13,5.75,2,13.09861374,6.54930687
118,EIA PPII - KALE sobre YNC,"Micropholis cf., egensis (A.DC.) Pierre",0.117138036,0.0107767,18,8,1,14.68999672,7.34499836
119,EIA PPII - KALE sobre YNC,Micropholis egensis (A.DC.) Pierre,0.268979758,0.056823645,15,2,1,16.3770752,8.188537598
120,EIA PPII - KALE sobre YNC,"Myrcia cf., paivae O. Berg.",0.128119726,0.013287568,12,4,2,14.23338485,7.116692424
121,EIA PPII - KALE sobre YNC,Myrcia fallax (Rich.) DC.,0.128258864,0.013050652,10.66666667,4,3,12.28423723,6.142118613
122,EIA PPII - KALE sobre YNC,Myrcia paivae O.Berg,0.140494025,0.016292443,10.25,5.6875,8,12.14968276,6.07484138
123,EIA PPII - KALE sobre YNC,Myrcia splendens (Sw.) DC.,0.164793579,0.022782803,15.57142857,7.142857143,7,19.06493637,9.532468183
124,EIA PPII - KALE sobre YNC,Naucleopsis glabra Spruce ex Pittier,0.154061988,0.0186415,12,7,1,11.79078388,5.895391941
125,EIA PPII - KALE sobre YNC,Nectandra cuspidata Nees & Mart.,0.178409547,0.028067715,15.58677686,6.479338842,121,15.31404081,7.657020403
126,EIA PPII - KALE sobre YNC,Nectandra membranacea (Sw.) Griseb.,0.185844279,0.029945413,16.87096774,6.193548387,31,16.17032223,8.085161117
128,EIA PPII - KALE sobre YNC,NN,0.300961994,0.081424505,10,7,2,1E-05,5E-06
129,EIA PPII - KALE sobre YNC,Ochroma pyramidale (Cav. ex Lam.) Urb.,0.191085403,0.033320107,11.8125,6.28125,16,2.689235657,1.344617829
130,EIA PPII - KALE sobre YNC,Ocotea bofo Kunth,0.303349316,0.072272979,15,3,1,14.14606857,7.073034286
131,EIA PPII - KALE sobre YNC,"Ocotea cf., aciphylla (Nees) Mez",0.243706007,0.050562582,13.75,6.25,8,13.26985312,6.634926558
132,EIA PPII - KALE sobre YNC,"Ocotea cf., oblonga (Meisn.) Mez",0.241491104,0.050346809,17,7.333333333,3,12.76290766,6.381453832
133,EIA PPII - KALE sobre YNC,Ocotea guianensis Aubl.,0.173147107,0.025098583,15.18181818,5.236363636,11,12.86639747,6.433198734
134,EIA PPII - KALE sobre YNC,Ocotea longifolia Kunth,0.315504316,0.122375153,15.5,3.699999988,4,17.21254849,8.606274247
135,EIA PPII - KALE sobre YNC,Ocotea sp.,0.140772549,0.015960873,9.25,3.875,4,6.712452769,3.356226385
136,EIA PPII - KALE sobre YNC,Oenocarpus bataua Mart.,0.168099678,0.022598442,10.2,3.000006,5,10.25647221,5.128236103
137,EIA PPII - KALE sobre YNC,Oenocarpus minor Mart.,0.16854509,0.022752831,15.5,1E-05,2,15.69989204,7.849946022
138,EIA PPII - KALE sobre YNC,"Ormosia cf., colombiana Rudd",0.459808476,0.199602262,23.25,10.25,4,28.8055892,14.4027946
139,EIA PPII - KALE sobre YNC,Ouratea ferruginea Engl.,0.101859167,0.008148734,12,4,1,11.85428905,5.927144527
140,EIA PPII - KALE sobre YNC,Pachira quinata (Jacq.) W.S. Alverson,0.317673266,0.079259478,25,10,1,21.50601006,10.75300503
141,EIA PPII - KALE sobre YNC,Palicourea angustifolia Kunth.,0.177171285,0.027588793,17.8,7.6,5,18.01839523,9.009197617
142,EIA PPII - KALE sobre YNC,Peltogyne paniculata Benth.,0.260135238,0.057882504,17.66666667,5.666666667,3,30.91925939,15.45962969
143,EIA PPII - KALE sobre YNC,Persea americana Mill.,0.149605647,0.017578663,15,7,1,13.45873165,6.729365826
144,EIA PPII - KALE sobre YNC,Phyllanthus acuminatus Vahl,0.160102406,0.021613337,9.4,4,5,8.455372906,4.227686453
145,EIA PPII - KALE sobre YNC,Phyllanthus elsiae Urb.,0.109498598,0.00941688,15,10,1,11.50928974,5.754644871
146,EIA PPII - KALE sobre YNC,Phyllanthus attenuatus Miq.,0.154459871,0.020441562,12.125,7,4,10.63450599,5.317252994
147,EIA PPII - KALE sobre YNC,Piptocoma discolor (Kunth.) Pruski.,0.207538038,0.033828702,18,8,1,14.18179989,7.090899944
148,EIA PPII - KALE sobre YNC,Pithecellobium dulce (Roxb.) Benth.,0.137037178,0.015205319,8,4,3,9.97837766,4.98918883
149,EIA PPII - KALE sobre YNC,Pithecellobium longifolium (Humb. & Bonpl. ex W.),0.1642479,0.02118798,9,3,1,5.012367249,2.506183624
150,EIA PPII - KALE sobre YNC,Poeppigia procera C. Presl,0.119366206,0.011190582,10,6,1,9.45714283,4.728571415
151,EIA PPII - KALE sobre YNC,Pourouma bicolor Mart.,0.173545202,0.027922969,12.41666667,5.285416665,48,6.705840414,3.352920207
152,EIA PPII - KALE sobre YNC,Pouteria cuspidata (A.DC.) Baehni,0.62388736,0.305704802,17,10,1,34.95622635,17.47811317
153,EIA PPII - KALE sobre YNC,Pouteria multiflora (A.DC.) Eyma,0.1675926,0.025915354,14.47058824,6.411764706,17,16.82080973,8.410404864
154,EIA PPII - KALE sobre YNC,Pouteria sp.,0.204673255,0.033716789,9.333333333,5,3,11.6488301,5.824415048
155,EIA PPII - KALE sobre YNC,Protium heptaphyllum (Aubl.) Marchand.,0.152592321,0.019088818,13,7.333333333,6,11.70745349,5.853726745
156,EIA PPII - KALE sobre YNC,Protium tovarense Pittier,0.216052834,0.041698775,16.75,7.375,4,12.64828014,6.324140072
157,EIA PPII - KALE sobre YNC,Pseudobombax septenatum (Jacq.) Dugand.,0.142761983,0.017124634,14.5,4.5,2,5.678655505,2.839327753
158,EIA PPII - KALE sobre YNC,"Pseudolmedia cf., rigida (Klotzsch & H.Karst.) C.",0.138850984,0.016489566,10.08333333,3.808333337,12,9.674485246,4.837242623
159,EIA PPII - KALE sobre YNC,Pseudolmedia laevigata Trécul,0.153425366,0.019981346,18,8,2,17.38700533,8.693502665
160,EIA PPII - KALE sobre YNC,Pseudolmedia rigida (Klotzsch & H.Karst.) Cuatrec.,0.197113397,0.034900173,15.25,5.825000003,8,16.42463452,8.212317258
161,EIA PPII - KALE sobre YNC,Psychotria brachiata Sw.,0.189553529,0.033496267,15,7.25,2,12.90358043,6.451790214
162,EIA PPII - KALE sobre YNC,"Psychotria cf., deflexa DC.",0.212432062,0.038547078,12.75,5.9375,8,11.23077059,5.615385294
163,EIA PPII - KALE sobre YNC,Psychotria deflexa DC.,0.197776798,0.035450251,13.5,4,2,11.79284692,5.896423459
164,EIA PPII - KALE sobre YNC,Pterocarpus rohrii Vahl,0.541182995,0.230026633,18,12,1,19.06081772,9.530408859
165,EIA PPII - KALE sobre YNC,Roupala pachypoda Cuatrec.,0.17618452,0.02529915,16,5.5,2,19.81432915,9.907164574
166,EIA PPII - KALE sobre YNC,Sabal mauritiiformis (H. Karst.) Griseb & H. Wendl,0.150013261,0.019424264,16,1E-05,2,10.80527782,5.402638912
167,EIA PPII - KALE sobre YNC,Samanea saman (Jacq.) Merr.,0.524583886,0.262815828,16.22222222,5.05277778,36,17.51884099,8.759420494
168,EIA PPII - KALE sobre YNC,Sapium glandulosum (L.) Morong,0.177525971,0.030162158,16.71428571,6.628571425,7,11.88878877,5.944394384
169,EIA PPII - KALE sobre YNC,Sapium laurifolium (A. Rich.) Griseb.,0.23786795,0.053451232,9.6,3.35999999,5,6.932962847,3.466481423
170,EIA PPII - KALE sobre YNC,"Schefflera morototoni (Aubl.) Maguire, S. & F.",0.241926753,0.058080467,18.54761905,10.32142857,42,14.35154385,7.175771923
171,EIA PPII - KALE sobre YNC,Schizolobium parahyba (Vell.) S.F.Blake,0.173383394,0.02650607,14.7,5.15,10,11.47977953,5.739889765
172,EIA PPII - KALE sobre YNC,Senna alata (L.) Roxb.,0.125414088,0.012353288,8,3,1,5.032511711,2.516255856
173,EIA PPII - KALE sobre YNC,Senna sp.,0.14992395,0.017653545,10,5.5,1,6.734652519,3.36732626
174,EIA PPII - KALE sobre YNC,Simarouba amara Aubl.,0.160452694,0.021729058,10.675,5.314999998,20,6.391384494,3.195692247
175,EIA PPII - KALE sobre YNC,Sloanea guianensis (Aubl.) Benth.,0.153489146,0.020241982,11.25,3.425000012,4,13.88363123,6.941815615
176,EIA PPII - KALE sobre YNC,Socratea exorrhiza (Mart.) H.Wendl.,0.119684517,0.011371382,15,1E-05,2,4.72333622,2.36166811
177,EIA PPII - KALE sobre YNC,Sorocea pubivena Hemsl,0.17567169,0.024926326,9.222222222,4.288888892,9,8.688840071,4.344420036
178,EIA PPII - KALE sobre YNC,Spondias mombin L.,0.252032232,0.056833666,15,7.944444444,9,10.85290247,5.426451233
179,EIA PPII - KALE sobre YNC,Swartzia amplifolia Harms,0.211550973,0.039767073,13.72222222,6.666666667,9,13.97941107,6.989705536
180,EIA PPII - KALE sobre YNC,Tabernaemontana sananho Ruiz & Pav.,0.195622146,0.031461494,18.6,4.64000001,5,14.20044651,7.100223255
181,EIA PPII - KALE sobre YNC,Tapirira guianensis Aubl.,0.204173344,0.039408837,14.29697987,6.426845636,298,11.17152069,5.585760347
182,EIA PPII - KALE sobre YNC,Terminalia amazonia (J.F.Gmel.) Exell,0.271942747,0.065354989,14.66666667,7,6,18.40710735,9.203553677
183,EIA PPII - KALE sobre YNC,Terminalia catappa L.,0.133473825,0.01420991,13,1.600000024,2,10.91193867,5.455969334
184,EIA PPII - KALE sobre YNC,Tetrorchidium rubrivenium Poepp.,0.175770721,0.025904902,16.2,6.8,5,11.68074245,5.840371227
185,EIA PPII - KALE sobre YNC,Thevetia ahouai (L.) A.DC.,0.137828179,0.015080064,8.333333333,4,3,8.761437257,4.380718629
186,EIA PPII - KALE sobre YNC,Trattinnickia aspera (Standl.) Swart,0.186131904,0.029925057,16.78571429,5.907142857,14,11.48461744,5.742308719
187,EIA PPII - KALE sobre YNC,Trattinnickia cf. aspera (Standl.) Swart,0.262348559,0.058999963,15.92307692,7.769230769,13,12.11731316,6.058656582
188,EIA PPII - KALE sobre YNC,Triplaris americana L.,0.154132665,0.020858378,13.88571429,7.228571429,35,10.14711793,5.073558964
189,EIA PPII - KALE sobre YNC,Trophis racemosa (L.) Urb.,0.137470482,0.015499423,11.5,2.425000001,4,9.206635237,4.603317618
190,EIA PPII - KALE sobre YNC,Virola sebifera Aubl.,0.247415341,0.053474061,18.49180328,7.991803279,61,14.71245451,7.356227255
191,EIA PPII - KALE sobre YNC,Vismia guianensis (Aubl.) Pers.,0.143010304,0.017461932,11.52941176,3.917647053,17,8.375382395,4.187691198
192,EIA PPII - KALE sobre YNC,Vochysia ferruginea Mart.,0.144831,0.019742773,10.36363636,3.481818177,11,6.755534302,3.377767151
193,EIA PPII - KALE sobre YNC,Vochysia lehmannii Hieron.,0.256125775,0.056573497,16.2,6.466666667,15,13.43300012,6.71650006
194,EIA PPII - KALE sobre YNC,Wittmackanthus stanleyanus (M.R.Schomb.) Kunt.,0.27151832,0.057901286,16,10,1,20.73049355,10.36524677
195,EIA PPII - KALE sobre YNC,Xylopia aromatica (Lam.) Mart.,0.190137587,0.032361057,15.04117647,7.470588235,170,14.12405948,7.062029742
196,EIA PPII - KALE sobre YNC,Xylopia discreta (L.f.) Sprague & Hutch.,0.178946954,0.028964029,13.09090909,9.636363636,11,10.63017962,5.315089811
197,EIA PPII - KALE sobre YNC,Xylopia emarginata Mart.,0.158310695,0.021963418,13.39814815,5.000000001,108,12.08954158,6.044770788
198,EIA PPII - KALE sobre YNC,Xylopia polyantha R.E.Fr.,0.152894847,0.019556774,15.33333333,3.333333333,3,13.77598794,6.887993972
199,EIA PPII - KALE sobre YNC,Zygia inaequalis (Willd.) Pittier,0.204782264,0.046651895,10.05555556,4.544444455,9,11.35304726,5.676523632
,,Zygia ocumarensis (Pittier) Barneby & J.W.Grimes,0.167292934,0.02262628,13.55555556,5.200000005,9,10.60021528,5.300107638
